dof_c_s,Case Number
Friday,81.71428571428571
Monday,133.14285714285714
Saturday,49.714285714285715
Sunday,16.166666666666668
Thursday,103.42857142857143
Tuesday,101.25
Wenesday,98.42857142857143
