Case Created by hrs,Case Number
0,1.0
1,1.0
6,1.0
7,1.0
8,2.3461538461538463
9,9.7
10,11.868421052631579
11,9.428571428571429
12,10.297297297297296
13,8.647058823529411
14,10.594594594594595
15,12.818181818181818
16,12.5
17,15.972222222222221
18,10.392857142857142
19,3.1538461538461537
20,1.8
21,2.3333333333333335
22,1.2
23,1.5
